Title,Description,Link,Media URL,Pinterest board,Publish date
Printable Free 21 Addition Math Worksheet For Grade 1 | Printable Practice,Printable Addition worksheet designed for Grade 1 students. Easy and fun math practice.,https://mathworksheetfree.github.io/html/printable-free-21-addition-math-worksheet-for-grade-1-8652.html,https://mathworksheetfree.github.io/images/printable-free-21-addition-math-worksheet-for-grade-1-8652.jpg,Elementary Math Activities,03/17/2026 08:22:00 AM
Grade 1 Count and Color Shapes Worksheet,Printable Count and Color worksheet designed for Grade 1 students. Easy and fun math practice.,https://mathworksheetfree.github.io/html/grade-1-count-and-color-shapes-worksheet-2219.html,https://mathworksheetfree.github.io/images/grade-1-count-and-color-shapes-worksheet-2219.jpg,Kids Math Worksheets,03/17/2026 11:00:00 AM
Learn Counting With Pictures Worksheet (Pre-K) - Part 3 | Printable Practice,Teachers and parents love this Counting Objects worksheet for Pre-K. Download and print instantly.,https://mathworksheetfree.github.io/html/learn-counting-with-pictures-worksheet-pre-k-part-3-7101.html,https://mathworksheetfree.github.io/images/learn-counting-with-pictures-worksheet-pre-k-part-3-7101.jpg,Elementary Math Activities,03/17/2026 01:33:00 PM
Printable Free 26 Division Math Worksheet For Grade 2 - Part 4 | Printable Practice,Teachers and parents love this Division worksheet for Grade 2. Download and print instantly.,https://mathworksheetfree.github.io/html/printable-free-26-division-math-worksheet-for-grade-2-part-4-7066.html,https://mathworksheetfree.github.io/images/printable-free-26-division-math-worksheet-for-grade-2-part-4-7066.jpg,Printable Worksheets,03/17/2026 04:27:00 PM
Complete Mathematics Practice Quiz Worksheet for Study,Fun and engaging Math worksheet for Math. Perfect printable math practice.,https://mathworksheetfree.github.io/html/complete-mathematics-practice-quiz-worksheet-for-study-6564.html,https://mathworksheetfree.github.io/images/complete-mathematics-practice-quiz-worksheet-for-study-6564.jpg,Kids Math Worksheets,03/17/2026 08:35:00 PM
Missing Number Math Worksheet,Teachers and parents love this Missing Number worksheet for Grade 1. Download and print instantly.,https://mathworksheetfree.github.io/html/missing-number-math-worksheet-7314.html,https://mathworksheetfree.github.io/images/missing-number-math-worksheet-7314.jpg,Elementary Math Activities,03/18/2026 08:32:00 AM
Mixed Operations Math Worksheet,Free printable Mixed Operations worksheet for Grade 3. Perfect for homeschool practice and classroom activities.,https://mathworksheetfree.github.io/html/mixed-operations-math-worksheet-8718.html,https://mathworksheetfree.github.io/images/mixed-operations-math-worksheet-8718.jpg,Math Practice Printables,03/18/2026 11:00:00 AM
Grade 2 Multiplication Practice Worksheet (12 Problems) - Part 8 | Printable Practice,Printable Multiplication worksheet designed for Grade 2 students. Easy and fun math practice.,https://mathworksheetfree.github.io/html/grade-2-multiplication-practice-worksheet-12-problems-part-8-3407.html,https://mathworksheetfree.github.io/images/grade-2-multiplication-practice-worksheet-12-problems-part-8-3407.jpg,Elementary Math Activities,03/18/2026 01:26:00 PM
Grade 2 Subtraction Practice Worksheet (25 Problems) - Part 9 | Printable Practice,Free printable Subtraction worksheet for Grade 2. Perfect for homeschool practice and classroom activities.,https://mathworksheetfree.github.io/html/grade-2-subtraction-practice-worksheet-25-problems-part-9-4473.html,https://mathworksheetfree.github.io/images/grade-2-subtraction-practice-worksheet-25-problems-part-9-4473.jpg,Kids Math Worksheets,03/18/2026 04:27:00 PM
Printable 4 Times Table Worksheet For Grade 2 - Part 10 | Printable Practice,Fun and engaging Times Table worksheet for Grade 2. Perfect printable math practice.,https://mathworksheetfree.github.io/html/printable-4-times-table-worksheet-for-grade-2-part-10-7069.html,https://mathworksheetfree.github.io/images/printable-4-times-table-worksheet-for-grade-2-part-10-7069.jpg,Kids Math Worksheets,03/18/2026 08:33:00 PM
Printable Tracing Worksheet For Kids - Part 11 | Free Printable,Fun and engaging Tracing worksheet for Kindergarten. Perfect printable math practice.,https://mathworksheetfree.github.io/html/printable-tracing-worksheet-for-kids-part-11-1791.html,https://mathworksheetfree.github.io/images/printable-tracing-worksheet-for-kids-part-11-1791.jpg,Homeschool Math,03/19/2026 08:32:00 AM
Math Word Problem Worksheet,Help kids master Word Problem with this printable worksheet for Grade 3. Great for daily math practice.,https://mathworksheetfree.github.io/html/math-word-problem-worksheet-8959.html,https://mathworksheetfree.github.io/images/math-word-problem-worksheet-8959.jpg,Kids Math Worksheets,03/19/2026 11:00:00 AM
Free 22 Addition Math Worksheet For Grade 5 With Answers - Part 13 | Printable Practice,Free printable Addition worksheet for Grade 5. Perfect for homeschool practice and classroom activities.,https://mathworksheetfree.github.io/html/free-22-addition-math-worksheet-for-grade-5-with-answers-part-13-4271.html,https://mathworksheetfree.github.io/images/free-22-addition-math-worksheet-for-grade-5-with-answers-part-13-4271.jpg,Math Practice Printables,03/19/2026 01:33:00 PM
Fun Count and Color Objects Worksheet for Kindergarten,Teachers and parents love this Count and Color worksheet for Kindergarten. Download and print instantly.,https://mathworksheetfree.github.io/html/fun-count-and-color-objects-worksheet-for-kindergarten-9106.html,https://mathworksheetfree.github.io/images/fun-count-and-color-objects-worksheet-for-kindergarten-9106.jpg,Kids Math Worksheets,03/19/2026 04:33:00 PM
Kindergarten Count The Objects Worksheet - Part 15 | Printable Practice,Printable Counting Objects worksheet designed for Kindergarten students. Easy and fun math practice.,https://mathworksheetfree.github.io/html/kindergarten-count-the-objects-worksheet-part-15-7064.html,https://mathworksheetfree.github.io/images/kindergarten-count-the-objects-worksheet-part-15-7064.jpg,Math Practice Printables,03/19/2026 08:23:00 PM
Grade 1 Division Practice Worksheet (27 Problems) - Part 16 | Printable Practice,Fun and engaging Division worksheet for Grade 1. Perfect printable math practice.,https://mathworksheetfree.github.io/html/grade-1-division-practice-worksheet-27-problems-part-16-1084.html,https://mathworksheetfree.github.io/images/grade-1-division-practice-worksheet-27-problems-part-16-1084.jpg,Homeschool Math,03/20/2026 08:36:00 AM
Complete General Math Quiz Worksheet,Printable Math worksheet designed for Math students. Easy and fun math practice.,https://mathworksheetfree.github.io/html/complete-general-math-quiz-worksheet-6839.html,https://mathworksheetfree.github.io/images/complete-general-math-quiz-worksheet-6839.jpg,Math Practice Printables,03/20/2026 11:00:00 AM
Missing Number Math Worksheet,Fun and engaging Missing Number worksheet for Grade 1. Perfect printable math practice.,https://mathworksheetfree.github.io/html/missing-number-math-worksheet-8598.html,https://mathworksheetfree.github.io/images/missing-number-math-worksheet-8598.jpg,Math Practice Printables,03/20/2026 01:24:00 PM
Mixed Operations Math Worksheet,Help kids master Mixed Operations with this printable worksheet for Grade 3. Great for daily math practice.,https://mathworksheetfree.github.io/html/mixed-operations-math-worksheet-8694.html,https://mathworksheetfree.github.io/images/mixed-operations-math-worksheet-8694.jpg,Homeschool Math,03/20/2026 04:32:00 PM
Free 25 Multiplication Math Worksheet For Grade 1 - Part 20 | Printable Practice,Help kids master Multiplication with this printable worksheet for Grade 1. Great for daily math practice.,https://mathworksheetfree.github.io/html/free-25-multiplication-math-worksheet-for-grade-1-part-20-2088.html,https://mathworksheetfree.github.io/images/free-25-multiplication-math-worksheet-for-grade-1-part-20-2088.jpg,Kids Math Worksheets,03/20/2026 08:37:00 PM
Grade 3 Subtraction Practice Worksheet (22 Problems) - Part 21 | Printable Practice,Teachers and parents love this Subtraction worksheet for Grade 3. Download and print instantly.,https://mathworksheetfree.github.io/html/grade-3-subtraction-practice-worksheet-22-problems-part-21-7397.html,https://mathworksheetfree.github.io/images/grade-3-subtraction-practice-worksheet-22-problems-part-21-7397.jpg,Kids Math Worksheets,03/21/2026 08:31:00 AM
5 Times Table Worksheet For Grade 2 With Answers - Part 22 | Printable Practice,Fun and engaging Times Table worksheet for Grade 2. Perfect printable math practice.,https://mathworksheetfree.github.io/html/5-times-table-worksheet-for-grade-2-with-answers-part-22-2530.html,https://mathworksheetfree.github.io/images/5-times-table-worksheet-for-grade-2-with-answers-part-22-2530.jpg,Homeschool Math,03/21/2026 11:00:00 AM
Printable Tracing Worksheet For Kids - Part 23 | Free Printable,Teachers and parents love this Tracing worksheet for Preschool. Download and print instantly.,https://mathworksheetfree.github.io/html/printable-tracing-worksheet-for-kids-part-23-2932.html,https://mathworksheetfree.github.io/images/printable-tracing-worksheet-for-kids-part-23-2932.jpg,Homeschool Math,03/21/2026 01:37:00 PM
Math Word Problem Worksheet,Help kids master Word Problem with this printable worksheet for Grade 3. Great for daily math practice.,https://mathworksheetfree.github.io/html/math-word-problem-worksheet-5457.html,https://mathworksheetfree.github.io/images/math-word-problem-worksheet-5457.jpg,Elementary Math Activities,03/21/2026 04:22:00 PM
Free 15 Addition Math Worksheet For Grade 3 With Answers - Part 25 | Printable Practice,Free printable Addition worksheet for Grade 3. Perfect for homeschool practice and classroom activities.,https://mathworksheetfree.github.io/html/free-15-addition-math-worksheet-for-grade-3-with-answers-part-25-4850.html,https://mathworksheetfree.github.io/images/free-15-addition-math-worksheet-for-grade-3-with-answers-part-25-4850.jpg,Elementary Math Activities,03/21/2026 08:31:00 PM
Free Grade 1 Count and Color Worksheet,Teachers and parents love this Count and Color worksheet for Grade 1. Download and print instantly.,https://mathworksheetfree.github.io/html/free-grade-1-count-and-color-worksheet-8160.html,https://mathworksheetfree.github.io/images/free-grade-1-count-and-color-worksheet-8160.jpg,Printable Worksheets,03/22/2026 08:32:00 AM
Free Counting Objects Worksheet For Kindergarten Printable - Part 27 | Printable Practice,Teachers and parents love this Counting Objects worksheet for Kindergarten. Download and print instantly.,https://mathworksheetfree.github.io/html/free-counting-objects-worksheet-for-kindergarten-printable-part-27-7109.html,https://mathworksheetfree.github.io/images/free-counting-objects-worksheet-for-kindergarten-printable-part-27-7109.jpg,Math Practice Printables,03/22/2026 11:06:00 AM
Free 16 Division Math Worksheet For Grade 1 - Part 28 | Printable Practice,Teachers and parents love this Division worksheet for Grade 1. Download and print instantly.,https://mathworksheetfree.github.io/html/free-16-division-math-worksheet-for-grade-1-part-28-8522.html,https://mathworksheetfree.github.io/images/free-16-division-math-worksheet-for-grade-1-part-28-8522.jpg,Kids Math Worksheets,03/22/2026 01:32:00 PM
7 Math Trivia Practice Worksheet,Help kids master Math with this printable worksheet for Math. Great for daily math practice.,https://mathworksheetfree.github.io/html/7-math-trivia-practice-worksheet-4411.html,https://mathworksheetfree.github.io/images/7-math-trivia-practice-worksheet-4411.jpg,Elementary Math Activities,03/22/2026 04:25:00 PM
Missing Number Math Worksheet,Help kids master Missing Number with this printable worksheet for Grade 1. Great for daily math practice.,https://mathworksheetfree.github.io/html/missing-number-math-worksheet-2650.html,https://mathworksheetfree.github.io/images/missing-number-math-worksheet-2650.jpg,Kids Math Worksheets,03/22/2026 08:34:00 PM
Mixed Operations Math Worksheet,Fun and engaging Mixed Operations worksheet for Grade 3. Perfect printable math practice.,https://mathworksheetfree.github.io/html/mixed-operations-math-worksheet-3954.html,https://mathworksheetfree.github.io/images/mixed-operations-math-worksheet-3954.jpg,Math Practice Printables,03/23/2026 08:34:00 AM
Printable Free 18 Multiplication Math Worksheet For Grade 1 - Part 32 | Printable Practice,Free printable Multiplication worksheet for Grade 1. Perfect for homeschool practice and classroom activities.,https://mathworksheetfree.github.io/html/printable-free-18-multiplication-math-worksheet-for-grade-1-part-32-9750.html,https://mathworksheetfree.github.io/images/printable-free-18-multiplication-math-worksheet-for-grade-1-part-32-9750.jpg,Homeschool Math,03/23/2026 11:00:00 AM
Grade 2 Subtraction Practice Worksheet (25 Problems) - Part 33 | Printable Practice,Printable Subtraction worksheet designed for Grade 2 students. Easy and fun math practice.,https://mathworksheetfree.github.io/html/grade-2-subtraction-practice-worksheet-25-problems-part-33-8101.html,https://mathworksheetfree.github.io/images/grade-2-subtraction-practice-worksheet-25-problems-part-33-8101.jpg,Kids Math Worksheets,03/23/2026 01:22:00 PM
Printable 11 Times Table Worksheet For Grade 4 - Part 34 | Printable Practice,Help kids master Times Table with this printable worksheet for Grade 4. Great for daily math practice.,https://mathworksheetfree.github.io/html/printable-11-times-table-worksheet-for-grade-4-part-34-8313.html,https://mathworksheetfree.github.io/images/printable-11-times-table-worksheet-for-grade-4-part-34-8313.jpg,Math Practice Printables,03/23/2026 04:35:00 PM
Printable Tracing Worksheet For Kids - Part 35 | Free Printable,Printable Tracing worksheet designed for Kindergarten students. Easy and fun math practice.,https://mathworksheetfree.github.io/html/printable-tracing-worksheet-for-kids-part-35-7006.html,https://mathworksheetfree.github.io/images/printable-tracing-worksheet-for-kids-part-35-7006.jpg,Homeschool Math,03/23/2026 08:33:00 PM
Math Word Problem Worksheet,Teachers and parents love this Word Problem worksheet for Grade 3. Download and print instantly.,https://mathworksheetfree.github.io/html/math-word-problem-worksheet-8546.html,https://mathworksheetfree.github.io/images/math-word-problem-worksheet-8546.jpg,Elementary Math Activities,03/24/2026 08:28:00 AM
Free 17 Addition Math Worksheet For Grade 1 - Part 37 | Printable Practice,Free printable Addition worksheet for Grade 1. Perfect for homeschool practice and classroom activities.,https://mathworksheetfree.github.io/html/free-17-addition-math-worksheet-for-grade-1-part-37-1915.html,https://mathworksheetfree.github.io/images/free-17-addition-math-worksheet-for-grade-1-part-37-1915.jpg,Homeschool Math,03/24/2026 11:00:00 AM
4 Free Count and Color Worksheets for Grade 1,Fun and engaging Count and Color worksheet for Grade 1. Perfect printable math practice.,https://mathworksheetfree.github.io/html/4-free-count-and-color-worksheets-for-grade-1-2778.html,https://mathworksheetfree.github.io/images/4-free-count-and-color-worksheets-for-grade-1-2778.jpg,Printable Worksheets,03/24/2026 01:32:00 PM
Learn Counting With Pictures Worksheet (Kindergarten) - Part 39 | Printable Practice,Free printable Counting Objects worksheet for Kindergarten. Perfect for homeschool practice and classroom activities.,https://mathworksheetfree.github.io/html/learn-counting-with-pictures-worksheet-kindergarten-part-39-8336.html,https://mathworksheetfree.github.io/images/learn-counting-with-pictures-worksheet-kindergarten-part-39-8336.jpg,Kids Math Worksheets,03/24/2026 04:22:00 PM
Printable Free 12 Division Math Worksheet For Grade 2 - Part 40 | Printable Practice,Fun and engaging Division worksheet for Grade 2. Perfect printable math practice.,https://mathworksheetfree.github.io/html/printable-free-12-division-math-worksheet-for-grade-2-part-40-2863.html,https://mathworksheetfree.github.io/images/printable-free-12-division-math-worksheet-for-grade-2-part-40-2863.jpg,Homeschool Math,03/24/2026 08:31:00 PM
4 Mathematics Problem Set Practice Worksheet,Printable Math worksheet designed for Math students. Easy and fun math practice.,https://mathworksheetfree.github.io/html/4-mathematics-problem-set-practice-worksheet-7941.html,https://mathworksheetfree.github.io/images/4-mathematics-problem-set-practice-worksheet-7941.jpg,Kids Math Worksheets,03/25/2026 08:24:00 AM
Missing Number Math Worksheet,Teachers and parents love this Missing Number worksheet for Grade 1. Download and print instantly.,https://mathworksheetfree.github.io/html/missing-number-math-worksheet-1237.html,https://mathworksheetfree.github.io/images/missing-number-math-worksheet-1237.jpg,Homeschool Math,03/25/2026 11:06:00 AM
Mixed Operations Math Worksheet,Help kids master Mixed Operations with this printable worksheet for Grade 3. Great for daily math practice.,https://mathworksheetfree.github.io/html/mixed-operations-math-worksheet-1566.html,https://mathworksheetfree.github.io/images/mixed-operations-math-worksheet-1566.jpg,Math Practice Printables,03/25/2026 01:33:00 PM
Grade 2 Multiplication Practice Worksheet (14 Problems) - Part 44 | Printable Practice,Help kids master Multiplication with this printable worksheet for Grade 2. Great for daily math practice.,https://mathworksheetfree.github.io/html/grade-2-multiplication-practice-worksheet-14-problems-part-44-7660.html,https://mathworksheetfree.github.io/images/grade-2-multiplication-practice-worksheet-14-problems-part-44-7660.jpg,Elementary Math Activities,03/25/2026 04:37:00 PM
Grade 5 Subtraction Practice Worksheet (15 Problems) - Part 45 | Printable Practice,Help kids master Subtraction with this printable worksheet for Grade 5. Great for daily math practice.,https://mathworksheetfree.github.io/html/grade-5-subtraction-practice-worksheet-15-problems-part-45-8226.html,https://mathworksheetfree.github.io/images/grade-5-subtraction-practice-worksheet-15-problems-part-45-8226.jpg,Elementary Math Activities,03/25/2026 08:30:00 PM
Printable 5 Times Table Worksheet For Grade 2 - Part 46 | Printable Practice,Free printable Times Table worksheet for Grade 2. Perfect for homeschool practice and classroom activities.,https://mathworksheetfree.github.io/html/printable-5-times-table-worksheet-for-grade-2-part-46-9272.html,https://mathworksheetfree.github.io/images/printable-5-times-table-worksheet-for-grade-2-part-46-9272.jpg,Kids Math Worksheets,03/26/2026 08:30:00 AM
Printable Tracing Worksheet For Kids - Part 47 | Free Printable,Printable Tracing worksheet designed for Preschool students. Easy and fun math practice.,https://mathworksheetfree.github.io/html/printable-tracing-worksheet-for-kids-part-47-8861.html,https://mathworksheetfree.github.io/images/printable-tracing-worksheet-for-kids-part-47-8861.jpg,Math Practice Printables,03/26/2026 11:00:00 AM
Math Word Problem Worksheet,Free printable Word Problem worksheet for Grade 3. Perfect for homeschool practice and classroom activities.,https://mathworksheetfree.github.io/html/math-word-problem-worksheet-4468.html,https://mathworksheetfree.github.io/images/math-word-problem-worksheet-4468.jpg,Elementary Math Activities,03/26/2026 01:32:00 PM
Grade 3 Addition Practice Worksheet (27 Problems) - Part 49 | Printable Practice,Fun and engaging Addition worksheet for Grade 3. Perfect printable math practice.,https://mathworksheetfree.github.io/html/grade-3-addition-practice-worksheet-27-problems-part-49-8830.html,https://mathworksheetfree.github.io/images/grade-3-addition-practice-worksheet-27-problems-part-49-8830.jpg,Kids Math Worksheets,03/26/2026 04:34:00 PM
"Count and Color Flower, Star, Apple Worksheet for Kids",Help kids master Count and Color with this printable worksheet for Kindergarten. Great for daily math practice.,https://mathworksheetfree.github.io/html/count-and-color-flower-star-apple-worksheet-for-kids-3970.html,https://mathworksheetfree.github.io/images/count-and-color-flower-star-apple-worksheet-for-kids-3970.jpg,Math Practice Printables,03/26/2026 08:32:00 PM
Free Counting Objects Worksheet For Kindergarten - Part 51 | Printable Practice,Help kids master Counting Objects with this printable worksheet for Kindergarten. Great for daily math practice.,https://mathworksheetfree.github.io/html/free-counting-objects-worksheet-for-kindergarten-part-51-9800.html,https://mathworksheetfree.github.io/images/free-counting-objects-worksheet-for-kindergarten-part-51-9800.jpg,Math Practice Printables,03/27/2026 08:29:00 AM
Free 22 Division Math Worksheet For Grade 1 With Answers - Part 52 | Printable Practice,Help kids master Division with this printable worksheet for Grade 1. Great for daily math practice.,https://mathworksheetfree.github.io/html/free-22-division-math-worksheet-for-grade-1-with-answers-part-52-1968.html,https://mathworksheetfree.github.io/images/free-22-division-math-worksheet-for-grade-1-with-answers-part-52-1968.jpg,Kids Math Worksheets,03/27/2026 11:00:00 AM
8 Mathematics Quiz for Students,Teachers and parents love this Math worksheet for Math. Download and print instantly.,https://mathworksheetfree.github.io/html/8-mathematics-quiz-for-students-6921.html,https://mathworksheetfree.github.io/images/8-mathematics-quiz-for-students-6921.jpg,Math Practice Printables,03/27/2026 01:23:00 PM
Missing Number Math Worksheet,Free printable Missing Number worksheet for Grade 1. Perfect for homeschool practice and classroom activities.,https://mathworksheetfree.github.io/html/missing-number-math-worksheet-6490.html,https://mathworksheetfree.github.io/images/missing-number-math-worksheet-6490.jpg,Printable Worksheets,03/27/2026 04:31:00 PM
Mixed Operations Math Worksheet,Help kids master Mixed Operations with this printable worksheet for Grade 3. Great for daily math practice.,https://mathworksheetfree.github.io/html/mixed-operations-math-worksheet-6804.html,https://mathworksheetfree.github.io/images/mixed-operations-math-worksheet-6804.jpg,Kids Math Worksheets,03/27/2026 08:23:00 PM
Printable Free 24 Multiplication Math Worksheet For Grade 2 - Part 56 | Printable Practice,Free printable Multiplication worksheet for Grade 2. Perfect for homeschool practice and classroom activities.,https://mathworksheetfree.github.io/html/printable-free-24-multiplication-math-worksheet-for-grade-2-part-56-3531.html,https://mathworksheetfree.github.io/images/printable-free-24-multiplication-math-worksheet-for-grade-2-part-56-3531.jpg,Printable Worksheets,03/28/2026 08:32:00 AM
Free 28 Subtraction Math Worksheet For Grade 5 With Answers - Part 57 | Printable Practice,Help kids master Subtraction with this printable worksheet for Grade 5. Great for daily math practice.,https://mathworksheetfree.github.io/html/free-28-subtraction-math-worksheet-for-grade-5-with-answers-part-57-7726.html,https://mathworksheetfree.github.io/images/free-28-subtraction-math-worksheet-for-grade-5-with-answers-part-57-7726.jpg,Printable Worksheets,03/28/2026 11:00:00 AM
Grade 3 Multiplication Table 6 Practice - Part 58 | Printable Practice,Fun and engaging Times Table worksheet for Grade 3. Perfect printable math practice.,https://mathworksheetfree.github.io/html/grade-3-multiplication-table-6-practice-part-58-4159.html,https://mathworksheetfree.github.io/images/grade-3-multiplication-table-6-practice-part-58-4159.jpg,Printable Worksheets,03/28/2026 01:25:00 PM
Printable Tracing Worksheet For Kids - Part 59 | Free Printable,Free printable Tracing worksheet for Kindergarten. Perfect for homeschool practice and classroom activities.,https://mathworksheetfree.github.io/html/printable-tracing-worksheet-for-kids-part-59-4594.html,https://mathworksheetfree.github.io/images/printable-tracing-worksheet-for-kids-part-59-4594.jpg,Printable Worksheets,03/28/2026 04:36:00 PM
Math Word Problem Worksheet,Fun and engaging Word Problem worksheet for Grade 3. Perfect printable math practice.,https://mathworksheetfree.github.io/html/math-word-problem-worksheet-5626.html,https://mathworksheetfree.github.io/images/math-word-problem-worksheet-5626.jpg,Kids Math Worksheets,03/28/2026 08:22:00 PM
Printable Free 19 Addition Math Worksheet For Grade 3 - Part 61 | Printable Practice,Fun and engaging Addition worksheet for Grade 3. Perfect printable math practice.,https://mathworksheetfree.github.io/html/printable-free-19-addition-math-worksheet-for-grade-3-part-61-6104.html,https://mathworksheetfree.github.io/images/printable-free-19-addition-math-worksheet-for-grade-3-part-61-6104.jpg,Printable Worksheets,03/29/2026 08:38:00 AM
Free Kindergarten Count and Color Worksheet,Help kids master Count and Color with this printable worksheet for Kindergarten. Great for daily math practice.,https://mathworksheetfree.github.io/html/free-kindergarten-count-and-color-worksheet-9261.html,https://mathworksheetfree.github.io/images/free-kindergarten-count-and-color-worksheet-9261.jpg,Homeschool Math,03/29/2026 11:00:00 AM
Free Counting Objects Worksheet For Kindergarten - Part 63 | Printable Practice,Teachers and parents love this Counting Objects worksheet for Kindergarten. Download and print instantly.,https://mathworksheetfree.github.io/html/free-counting-objects-worksheet-for-kindergarten-part-63-5229.html,https://mathworksheetfree.github.io/images/free-counting-objects-worksheet-for-kindergarten-part-63-5229.jpg,Homeschool Math,03/29/2026 01:38:00 PM
Printable Free 25 Division Math Worksheet For Grade 2 - Part 64 | Printable Practice,Teachers and parents love this Division worksheet for Grade 2. Download and print instantly.,https://mathworksheetfree.github.io/html/printable-free-25-division-math-worksheet-for-grade-2-part-64-1909.html,https://mathworksheetfree.github.io/images/printable-free-25-division-math-worksheet-for-grade-2-part-64-1909.jpg,Math Practice Printables,03/29/2026 04:32:00 PM
Free Printable Math Questions for Students (4 Questions),Printable Math worksheet designed for Math students. Easy and fun math practice.,https://mathworksheetfree.github.io/html/free-printable-math-questions-for-students-4-questions-4755.html,https://mathworksheetfree.github.io/images/free-printable-math-questions-for-students-4-questions-4755.jpg,Math Practice Printables,03/29/2026 08:32:00 PM
Missing Number Math Worksheet,Teachers and parents love this Missing Number worksheet for Grade 1. Download and print instantly.,https://mathworksheetfree.github.io/html/missing-number-math-worksheet-6814.html,https://mathworksheetfree.github.io/images/missing-number-math-worksheet-6814.jpg,Kids Math Worksheets,03/30/2026 08:24:00 AM
Mixed Operations Math Worksheet,Help kids master Mixed Operations with this printable worksheet for Grade 3. Great for daily math practice.,https://mathworksheetfree.github.io/html/mixed-operations-math-worksheet-5020.html,https://mathworksheetfree.github.io/images/mixed-operations-math-worksheet-5020.jpg,Printable Worksheets,03/30/2026 11:00:00 AM
Printable Free 19 Multiplication Math Worksheet For Grade 2 - Part 68 | Printable Practice,Printable Multiplication worksheet designed for Grade 2 students. Easy and fun math practice.,https://mathworksheetfree.github.io/html/printable-free-19-multiplication-math-worksheet-for-grade-2-part-68-6591.html,https://mathworksheetfree.github.io/images/printable-free-19-multiplication-math-worksheet-for-grade-2-part-68-6591.jpg,Kids Math Worksheets,03/30/2026 01:31:00 PM
Printable Free 22 Subtraction Math Worksheet For Grade 5 - Part 69 | Printable Practice,Help kids master Subtraction with this printable worksheet for Grade 5. Great for daily math practice.,https://mathworksheetfree.github.io/html/printable-free-22-subtraction-math-worksheet-for-grade-5-part-69-9566.html,https://mathworksheetfree.github.io/images/printable-free-22-subtraction-math-worksheet-for-grade-5-part-69-9566.jpg,Math Practice Printables,03/30/2026 04:37:00 PM
9 Times Table Worksheet For Grade 3 - Part 70 | Printable Practice,Printable Times Table worksheet designed for Grade 3 students. Easy and fun math practice.,https://mathworksheetfree.github.io/html/9-times-table-worksheet-for-grade-3-part-70-3478.html,https://mathworksheetfree.github.io/images/9-times-table-worksheet-for-grade-3-part-70-3478.jpg,Homeschool Math,03/30/2026 08:35:00 PM
Printable Tracing Worksheet For Kids - Part 71 | Free Printable,Free printable Tracing worksheet for Preschool. Perfect for homeschool practice and classroom activities.,https://mathworksheetfree.github.io/html/printable-tracing-worksheet-for-kids-part-71-6082.html,https://mathworksheetfree.github.io/images/printable-tracing-worksheet-for-kids-part-71-6082.jpg,Printable Worksheets,03/31/2026 08:23:00 AM
Math Word Problem Worksheet,Free printable Word Problem worksheet for Grade 3. Perfect for homeschool practice and classroom activities.,https://mathworksheetfree.github.io/html/math-word-problem-worksheet-8882.html,https://mathworksheetfree.github.io/images/math-word-problem-worksheet-8882.jpg,Elementary Math Activities,03/31/2026 11:02:00 AM
Grade 1 Addition Practice Worksheet (29 Problems) - Part 73 | Printable Practice,Printable Addition worksheet designed for Grade 1 students. Easy and fun math practice.,https://mathworksheetfree.github.io/html/grade-1-addition-practice-worksheet-29-problems-part-73-7781.html,https://mathworksheetfree.github.io/images/grade-1-addition-practice-worksheet-29-problems-part-73-7781.jpg,Math Practice Printables,03/31/2026 01:25:00 PM
Free Grade 1 Count and Color Worksheet,Help kids master Count and Color with this printable worksheet for Grade 1. Great for daily math practice.,https://mathworksheetfree.github.io/html/free-grade-1-count-and-color-worksheet-4090.html,https://mathworksheetfree.github.io/images/free-grade-1-count-and-color-worksheet-4090.jpg,Homeschool Math,03/31/2026 04:36:00 PM
Free Counting Objects Worksheet For Kindergarten - Part 75 | Printable Practice,Fun and engaging Counting Objects worksheet for Kindergarten. Perfect printable math practice.,https://mathworksheetfree.github.io/html/free-counting-objects-worksheet-for-kindergarten-part-75-7434.html,https://mathworksheetfree.github.io/images/free-counting-objects-worksheet-for-kindergarten-part-75-7434.jpg,Elementary Math Activities,03/31/2026 08:35:00 PM
Free 10 Division Math Worksheet For Grade 2 With Answers - Part 76 | Printable Practice,Fun and engaging Division worksheet for Grade 2. Perfect printable math practice.,https://mathworksheetfree.github.io/html/free-10-division-math-worksheet-for-grade-2-with-answers-part-76-4793.html,https://mathworksheetfree.github.io/images/free-10-division-math-worksheet-for-grade-2-with-answers-part-76-4793.jpg,Homeschool Math,04/01/2026 08:33:00 AM
Ultimate Math Questions Worksheet (7 Questions),Fun and engaging Math worksheet for Math. Perfect printable math practice.,https://mathworksheetfree.github.io/html/ultimate-math-questions-worksheet-7-questions-4472.html,https://mathworksheetfree.github.io/images/ultimate-math-questions-worksheet-7-questions-4472.jpg,Elementary Math Activities,04/01/2026 11:01:00 AM
Missing Number Math Worksheet,Fun and engaging Missing Number worksheet for Grade 1. Perfect printable math practice.,https://mathworksheetfree.github.io/html/missing-number-math-worksheet-6598.html,https://mathworksheetfree.github.io/images/missing-number-math-worksheet-6598.jpg,Printable Worksheets,04/01/2026 01:34:00 PM
Mixed Operations Math Worksheet,Help kids master Mixed Operations with this printable worksheet for Grade 3. Great for daily math practice.,https://mathworksheetfree.github.io/html/mixed-operations-math-worksheet-9318.html,https://mathworksheetfree.github.io/images/mixed-operations-math-worksheet-9318.jpg,Elementary Math Activities,04/01/2026 04:38:00 PM
Free 15 Multiplication Math Worksheet For Grade 2 - Part 80 | Printable Practice,Free printable Multiplication worksheet for Grade 2. Perfect for homeschool practice and classroom activities.,https://mathworksheetfree.github.io/html/free-15-multiplication-math-worksheet-for-grade-2-part-80-4602.html,https://mathworksheetfree.github.io/images/free-15-multiplication-math-worksheet-for-grade-2-part-80-4602.jpg,Printable Worksheets,04/01/2026 08:37:00 PM
Grade 3 Subtraction Practice Worksheet (21 Problems) - Part 81 | Printable Practice,Help kids master Subtraction with this printable worksheet for Grade 3. Great for daily math practice.,https://mathworksheetfree.github.io/html/grade-3-subtraction-practice-worksheet-21-problems-part-81-8527.html,https://mathworksheetfree.github.io/images/grade-3-subtraction-practice-worksheet-21-problems-part-81-8527.jpg,Printable Worksheets,04/02/2026 08:22:00 AM
Printable 10 Times Table Worksheet For Grade 3 - Part 82 | Printable Practice,Help kids master Times Table with this printable worksheet for Grade 3. Great for daily math practice.,https://mathworksheetfree.github.io/html/printable-10-times-table-worksheet-for-grade-3-part-82-6570.html,https://mathworksheetfree.github.io/images/printable-10-times-table-worksheet-for-grade-3-part-82-6570.jpg,Kids Math Worksheets,04/02/2026 11:00:00 AM
Printable Tracing Worksheet For Kids - Part 83 | Free Printable,Printable Tracing worksheet designed for Kindergarten students. Easy and fun math practice.,https://mathworksheetfree.github.io/html/printable-tracing-worksheet-for-kids-part-83-2684.html,https://mathworksheetfree.github.io/images/printable-tracing-worksheet-for-kids-part-83-2684.jpg,Kids Math Worksheets,04/02/2026 01:35:00 PM
Math Word Problem Worksheet,Free printable Word Problem worksheet for Grade 3. Perfect for homeschool practice and classroom activities.,https://mathworksheetfree.github.io/html/math-word-problem-worksheet-6598.html,https://mathworksheetfree.github.io/images/math-word-problem-worksheet-6598.jpg,Kids Math Worksheets,04/02/2026 04:30:00 PM
Free 15 Addition Math Worksheet For Grade 1 - Part 85 | Printable Practice,Printable Addition worksheet designed for Grade 1 students. Easy and fun math practice.,https://mathworksheetfree.github.io/html/free-15-addition-math-worksheet-for-grade-1-part-85-4934.html,https://mathworksheetfree.github.io/images/free-15-addition-math-worksheet-for-grade-1-part-85-4934.jpg,Printable Worksheets,04/02/2026 08:30:00 PM
Kindergarten Count and Color Shapes Worksheet,Free printable Count and Color worksheet for Kindergarten. Perfect for homeschool practice and classroom activities.,https://mathworksheetfree.github.io/html/kindergarten-count-and-color-shapes-worksheet-1707.html,https://mathworksheetfree.github.io/images/kindergarten-count-and-color-shapes-worksheet-1707.jpg,Elementary Math Activities,04/03/2026 08:36:00 AM
Learn Counting With Pictures Worksheet (Kindergarten) - Part 87 | Printable Practice,Help kids master Counting Objects with this printable worksheet for Kindergarten. Great for daily math practice.,https://mathworksheetfree.github.io/html/learn-counting-with-pictures-worksheet-kindergarten-part-87-2203.html,https://mathworksheetfree.github.io/images/learn-counting-with-pictures-worksheet-kindergarten-part-87-2203.jpg,Printable Worksheets,04/03/2026 11:03:00 AM
Free 29 Division Math Worksheet For Grade 2 With Answers - Part 88 | Printable Practice,Free printable Division worksheet for Grade 2. Perfect for homeschool practice and classroom activities.,https://mathworksheetfree.github.io/html/free-29-division-math-worksheet-for-grade-2-with-answers-part-88-4117.html,https://mathworksheetfree.github.io/images/free-29-division-math-worksheet-for-grade-2-with-answers-part-88-4117.jpg,Homeschool Math,04/03/2026 01:24:00 PM
General Knowledge General Math Quiz for Students (4 Questions),Printable Math worksheet designed for Math students. Easy and fun math practice.,https://mathworksheetfree.github.io/html/general-knowledge-general-math-quiz-for-students-4-questions-4970.html,https://mathworksheetfree.github.io/images/general-knowledge-general-math-quiz-for-students-4-questions-4970.jpg,Math Practice Printables,04/03/2026 04:26:00 PM
Missing Number Math Worksheet,Help kids master Missing Number with this printable worksheet for Grade 1. Great for daily math practice.,https://mathworksheetfree.github.io/html/missing-number-math-worksheet-1163.html,https://mathworksheetfree.github.io/images/missing-number-math-worksheet-1163.jpg,Elementary Math Activities,04/03/2026 08:37:00 PM
Mixed Operations Math Worksheet,Help kids master Mixed Operations with this printable worksheet for Grade 3. Great for daily math practice.,https://mathworksheetfree.github.io/html/mixed-operations-math-worksheet-9015.html,https://mathworksheetfree.github.io/images/mixed-operations-math-worksheet-9015.jpg,Printable Worksheets,04/04/2026 08:29:00 AM
Free 28 Multiplication Math Worksheet For Grade 1 - Part 92 | Printable Practice,Printable Multiplication worksheet designed for Grade 1 students. Easy and fun math practice.,https://mathworksheetfree.github.io/html/free-28-multiplication-math-worksheet-for-grade-1-part-92-3702.html,https://mathworksheetfree.github.io/images/free-28-multiplication-math-worksheet-for-grade-1-part-92-3702.jpg,Kids Math Worksheets,04/04/2026 11:08:00 AM
Free 25 Subtraction Math Worksheet For Grade 3 - Part 93 | Printable Practice,Help kids master Subtraction with this printable worksheet for Grade 3. Great for daily math practice.,https://mathworksheetfree.github.io/html/free-25-subtraction-math-worksheet-for-grade-3-part-93-7694.html,https://mathworksheetfree.github.io/images/free-25-subtraction-math-worksheet-for-grade-3-part-93-7694.jpg,Kids Math Worksheets,04/04/2026 01:37:00 PM
Grade 4 Multiplication Table 11 Practice - Part 94 | Printable Practice,Fun and engaging Times Table worksheet for Grade 4. Perfect printable math practice.,https://mathworksheetfree.github.io/html/grade-4-multiplication-table-11-practice-part-94-6990.html,https://mathworksheetfree.github.io/images/grade-4-multiplication-table-11-practice-part-94-6990.jpg,Elementary Math Activities,04/04/2026 04:33:00 PM
Printable Tracing Worksheet For Kids - Part 95 | Free Printable,Free printable Tracing worksheet for Kindergarten. Perfect for homeschool practice and classroom activities.,https://mathworksheetfree.github.io/html/printable-tracing-worksheet-for-kids-part-95-5797.html,https://mathworksheetfree.github.io/images/printable-tracing-worksheet-for-kids-part-95-5797.jpg,Elementary Math Activities,04/04/2026 08:24:00 PM
Math Word Problem Worksheet,Teachers and parents love this Word Problem worksheet for Grade 3. Download and print instantly.,https://mathworksheetfree.github.io/html/math-word-problem-worksheet-4374.html,https://mathworksheetfree.github.io/images/math-word-problem-worksheet-4374.jpg,Printable Worksheets,04/05/2026 08:24:00 AM
Printable Free 27 Addition Math Worksheet For Grade 1 - Part 97 | Printable Practice,Printable Addition worksheet designed for Grade 1 students. Easy and fun math practice.,https://mathworksheetfree.github.io/html/printable-free-27-addition-math-worksheet-for-grade-1-part-97-3628.html,https://mathworksheetfree.github.io/images/printable-free-27-addition-math-worksheet-for-grade-1-part-97-3628.jpg,Kids Math Worksheets,04/05/2026 11:05:00 AM
Free Kindergarten Count and Color Worksheet,Teachers and parents love this Count and Color worksheet for Kindergarten. Download and print instantly.,https://mathworksheetfree.github.io/html/free-kindergarten-count-and-color-worksheet-2878.html,https://mathworksheetfree.github.io/images/free-kindergarten-count-and-color-worksheet-2878.jpg,Math Practice Printables,04/05/2026 01:34:00 PM
Learn Counting With Pictures Worksheet (Kindergarten) - Part 99 | Printable Practice,Free printable Counting Objects worksheet for Kindergarten. Perfect for homeschool practice and classroom activities.,https://mathworksheetfree.github.io/html/learn-counting-with-pictures-worksheet-kindergarten-part-99-8921.html,https://mathworksheetfree.github.io/images/learn-counting-with-pictures-worksheet-kindergarten-part-99-8921.jpg,Printable Worksheets,04/05/2026 04:32:00 PM
Free 11 Division Math Worksheet For Grade 1 With Answers - Part 100 | Printable Practice,Help kids master Division with this printable worksheet for Grade 1. Great for daily math practice.,https://mathworksheetfree.github.io/html/free-11-division-math-worksheet-for-grade-1-with-answers-part-100-3846.html,https://mathworksheetfree.github.io/images/free-11-division-math-worksheet-for-grade-1-with-answers-part-100-3846.jpg,Elementary Math Activities,04/05/2026 08:32:00 PM
Challenging Mathematics Problem Set Training Worksheet,Teachers and parents love this Math worksheet for Math. Download and print instantly.,https://mathworksheetfree.github.io/html/challenging-mathematics-problem-set-training-worksheet-9282.html,https://mathworksheetfree.github.io/images/challenging-mathematics-problem-set-training-worksheet-9282.jpg,Elementary Math Activities,04/06/2026 08:28:00 AM
Missing Number Math Worksheet,Fun and engaging Missing Number worksheet for Grade 1. Perfect printable math practice.,https://mathworksheetfree.github.io/html/missing-number-math-worksheet-6518.html,https://mathworksheetfree.github.io/images/missing-number-math-worksheet-6518.jpg,Math Practice Printables,04/06/2026 11:00:00 AM
Mixed Operations Math Worksheet,Fun and engaging Mixed Operations worksheet for Grade 3. Perfect printable math practice.,https://mathworksheetfree.github.io/html/mixed-operations-math-worksheet-2229.html,https://mathworksheetfree.github.io/images/mixed-operations-math-worksheet-2229.jpg,Elementary Math Activities,04/06/2026 01:32:00 PM
Grade 2 Multiplication Practice Worksheet (10 Problems) - Part 104 | Printable Practice,Free printable Multiplication worksheet for Grade 2. Perfect for homeschool practice and classroom activities.,https://mathworksheetfree.github.io/html/grade-2-multiplication-practice-worksheet-10-problems-part-104-2655.html,https://mathworksheetfree.github.io/images/grade-2-multiplication-practice-worksheet-10-problems-part-104-2655.jpg,Elementary Math Activities,04/06/2026 04:24:00 PM
Free 12 Subtraction Math Worksheet For Grade 3 - Part 105 | Printable Practice,Teachers and parents love this Subtraction worksheet for Grade 3. Download and print instantly.,https://mathworksheetfree.github.io/html/free-12-subtraction-math-worksheet-for-grade-3-part-105-6016.html,https://mathworksheetfree.github.io/images/free-12-subtraction-math-worksheet-for-grade-3-part-105-6016.jpg,Elementary Math Activities,04/06/2026 08:37:00 PM
Printable 10 Times Table Worksheet For Grade 3 - Part 106 | Printable Practice,Fun and engaging Times Table worksheet for Grade 3. Perfect printable math practice.,https://mathworksheetfree.github.io/html/printable-10-times-table-worksheet-for-grade-3-part-106-4064.html,https://mathworksheetfree.github.io/images/printable-10-times-table-worksheet-for-grade-3-part-106-4064.jpg,Homeschool Math,04/07/2026 08:28:00 AM
Printable Tracing Worksheet For Kids - Part 107 | Free Printable,Free printable Tracing worksheet for Preschool. Perfect for homeschool practice and classroom activities.,https://mathworksheetfree.github.io/html/printable-tracing-worksheet-for-kids-part-107-9793.html,https://mathworksheetfree.github.io/images/printable-tracing-worksheet-for-kids-part-107-9793.jpg,Math Practice Printables,04/07/2026 11:08:00 AM
Math Word Problem Worksheet,Free printable Word Problem worksheet for Grade 3. Perfect for homeschool practice and classroom activities.,https://mathworksheetfree.github.io/html/math-word-problem-worksheet-8966.html,https://mathworksheetfree.github.io/images/math-word-problem-worksheet-8966.jpg,Math Practice Printables,04/07/2026 01:24:00 PM
Grade 3 Addition Practice Worksheet (30 Problems) - Part 109 | Printable Practice,Fun and engaging Addition worksheet for Grade 3. Perfect printable math practice.,https://mathworksheetfree.github.io/html/grade-3-addition-practice-worksheet-30-problems-part-109-2003.html,https://mathworksheetfree.github.io/images/grade-3-addition-practice-worksheet-30-problems-part-109-2003.jpg,Math Practice Printables,04/07/2026 04:31:00 PM
3 Free Count and Color Worksheets for Kindergarten,Fun and engaging Count and Color worksheet for Kindergarten. Perfect printable math practice.,https://mathworksheetfree.github.io/html/3-free-count-and-color-worksheets-for-kindergarten-7653.html,https://mathworksheetfree.github.io/images/3-free-count-and-color-worksheets-for-kindergarten-7653.jpg,Kids Math Worksheets,04/07/2026 08:35:00 PM
Free Counting Objects Worksheet For Kindergarten - Part 111 | Printable Practice,Help kids master Counting Objects with this printable worksheet for Kindergarten. Great for daily math practice.,https://mathworksheetfree.github.io/html/free-counting-objects-worksheet-for-kindergarten-part-111-3010.html,https://mathworksheetfree.github.io/images/free-counting-objects-worksheet-for-kindergarten-part-111-3010.jpg,Elementary Math Activities,04/08/2026 08:31:00 AM
Printable Free 18 Division Math Worksheet For Grade 2 - Part 112 | Printable Practice,Free printable Division worksheet for Grade 2. Perfect for homeschool practice and classroom activities.,https://mathworksheetfree.github.io/html/printable-free-18-division-math-worksheet-for-grade-2-part-112-2407.html,https://mathworksheetfree.github.io/images/printable-free-18-division-math-worksheet-for-grade-2-part-112-2407.jpg,Math Practice Printables,04/08/2026 11:07:00 AM
Challenging Math Skill Test Printable Worksheet for Students,Printable Math worksheet designed for Math students. Easy and fun math practice.,https://mathworksheetfree.github.io/html/challenging-math-skill-test-printable-worksheet-for-students-3523.html,https://mathworksheetfree.github.io/images/challenging-math-skill-test-printable-worksheet-for-students-3523.jpg,Math Practice Printables,04/08/2026 01:32:00 PM
Missing Number Math Worksheet,Fun and engaging Missing Number worksheet for Grade 1. Perfect printable math practice.,https://mathworksheetfree.github.io/html/missing-number-math-worksheet-5131.html,https://mathworksheetfree.github.io/images/missing-number-math-worksheet-5131.jpg,Kids Math Worksheets,04/08/2026 04:26:00 PM
Mixed Operations Math Worksheet,Teachers and parents love this Mixed Operations worksheet for Grade 3. Download and print instantly.,https://mathworksheetfree.github.io/html/mixed-operations-math-worksheet-1371.html,https://mathworksheetfree.github.io/images/mixed-operations-math-worksheet-1371.jpg,Printable Worksheets,04/08/2026 08:22:00 PM
Printable Free 19 Multiplication Math Worksheet For Grade 1 - Part 116 | Printable Practice,Printable Multiplication worksheet designed for Grade 1 students. Easy and fun math practice.,https://mathworksheetfree.github.io/html/printable-free-19-multiplication-math-worksheet-for-grade-1-part-116-9565.html,https://mathworksheetfree.github.io/images/printable-free-19-multiplication-math-worksheet-for-grade-1-part-116-9565.jpg,Homeschool Math,04/09/2026 08:35:00 AM
Printable Free 11 Subtraction Math Worksheet For Grade 2 - Part 117 | Printable Practice,Fun and engaging Subtraction worksheet for Grade 2. Perfect printable math practice.,https://mathworksheetfree.github.io/html/printable-free-11-subtraction-math-worksheet-for-grade-2-part-117-5097.html,https://mathworksheetfree.github.io/images/printable-free-11-subtraction-math-worksheet-for-grade-2-part-117-5097.jpg,Printable Worksheets,04/09/2026 11:07:00 AM
Grade 3 Multiplication Table 9 Practice - Part 118 | Printable Practice,Printable Times Table worksheet designed for Grade 3 students. Easy and fun math practice.,https://mathworksheetfree.github.io/html/grade-3-multiplication-table-9-practice-part-118-8044.html,https://mathworksheetfree.github.io/images/grade-3-multiplication-table-9-practice-part-118-8044.jpg,Elementary Math Activities,04/09/2026 01:24:00 PM
Printable Tracing Worksheet For Kids - Part 119 | Free Printable,Printable Tracing worksheet designed for Preschool students. Easy and fun math practice.,https://mathworksheetfree.github.io/html/printable-tracing-worksheet-for-kids-part-119-3794.html,https://mathworksheetfree.github.io/images/printable-tracing-worksheet-for-kids-part-119-3794.jpg,Kids Math Worksheets,04/09/2026 04:24:00 PM
Math Word Problem Worksheet,Printable Word Problem worksheet designed for Grade 3 students. Easy and fun math practice.,https://mathworksheetfree.github.io/html/math-word-problem-worksheet-8658.html,https://mathworksheetfree.github.io/images/math-word-problem-worksheet-8658.jpg,Math Practice Printables,04/09/2026 08:30:00 PM
Free 11 Addition Math Worksheet For Grade 1 With Answers - Part 121 | Printable Practice,Printable Addition worksheet designed for Grade 1 students. Easy and fun math practice.,https://mathworksheetfree.github.io/html/free-11-addition-math-worksheet-for-grade-1-with-answers-part-121-6401.html,https://mathworksheetfree.github.io/images/free-11-addition-math-worksheet-for-grade-1-with-answers-part-121-6401.jpg,Elementary Math Activities,04/10/2026 08:35:00 AM
Free Kindergarten Count and Color Worksheet,Fun and engaging Count and Color worksheet for Kindergarten. Perfect printable math practice.,https://mathworksheetfree.github.io/html/free-kindergarten-count-and-color-worksheet-7020.html,https://mathworksheetfree.github.io/images/free-kindergarten-count-and-color-worksheet-7020.jpg,Math Practice Printables,04/10/2026 11:02:00 AM
Free Counting Objects Worksheet For Kindergarten Printable - Part 123 | Printable Practice,Printable Counting Objects worksheet designed for Kindergarten students. Easy and fun math practice.,https://mathworksheetfree.github.io/html/free-counting-objects-worksheet-for-kindergarten-printable-part-123-1960.html,https://mathworksheetfree.github.io/images/free-counting-objects-worksheet-for-kindergarten-printable-part-123-1960.jpg,Elementary Math Activities,04/10/2026 01:25:00 PM
Free 13 Division Math Worksheet For Grade 2 With Answers - Part 124 | Printable Practice,Free printable Division worksheet for Grade 2. Perfect for homeschool practice and classroom activities.,https://mathworksheetfree.github.io/html/free-13-division-math-worksheet-for-grade-2-with-answers-part-124-4019.html,https://mathworksheetfree.github.io/images/free-13-division-math-worksheet-for-grade-2-with-answers-part-124-4019.jpg,Homeschool Math,04/10/2026 04:37:00 PM
8 Mathematics Quiz Practice Worksheet,Fun and engaging Math worksheet for Math. Perfect printable math practice.,https://mathworksheetfree.github.io/html/8-mathematics-quiz-practice-worksheet-2987.html,https://mathworksheetfree.github.io/images/8-mathematics-quiz-practice-worksheet-2987.jpg,Printable Worksheets,04/10/2026 08:36:00 PM
Missing Number Math Worksheet,Help kids master Missing Number with this printable worksheet for Grade 1. Great for daily math practice.,https://mathworksheetfree.github.io/html/missing-number-math-worksheet-7359.html,https://mathworksheetfree.github.io/images/missing-number-math-worksheet-7359.jpg,Kids Math Worksheets,04/11/2026 08:32:00 AM
Mixed Operations Math Worksheet,Help kids master Mixed Operations with this printable worksheet for Grade 3. Great for daily math practice.,https://mathworksheetfree.github.io/html/mixed-operations-math-worksheet-5777.html,https://mathworksheetfree.github.io/images/mixed-operations-math-worksheet-5777.jpg,Kids Math Worksheets,04/11/2026 11:00:00 AM
Printable Free 14 Multiplication Math Worksheet For Grade 1 - Part 128 | Printable Practice,Printable Multiplication worksheet designed for Grade 1 students. Easy and fun math practice.,https://mathworksheetfree.github.io/html/printable-free-14-multiplication-math-worksheet-for-grade-1-part-128-1213.html,https://mathworksheetfree.github.io/images/printable-free-14-multiplication-math-worksheet-for-grade-1-part-128-1213.jpg,Math Practice Printables,04/11/2026 01:22:00 PM
Free 19 Subtraction Math Worksheet For Grade 2 With Answers - Part 129 | Printable Practice,Printable Subtraction worksheet designed for Grade 2 students. Easy and fun math practice.,https://mathworksheetfree.github.io/html/free-19-subtraction-math-worksheet-for-grade-2-with-answers-part-129-2287.html,https://mathworksheetfree.github.io/images/free-19-subtraction-math-worksheet-for-grade-2-with-answers-part-129-2287.jpg,Homeschool Math,04/11/2026 04:31:00 PM
8 Times Table Worksheet For Grade 3 With Answers - Part 130 | Printable Practice,Teachers and parents love this Times Table worksheet for Grade 3. Download and print instantly.,https://mathworksheetfree.github.io/html/8-times-table-worksheet-for-grade-3-with-answers-part-130-6301.html,https://mathworksheetfree.github.io/images/8-times-table-worksheet-for-grade-3-with-answers-part-130-6301.jpg,Math Practice Printables,04/11/2026 08:32:00 PM
Printable Tracing Worksheet For Kids - Part 131 | Free Printable,Printable Tracing worksheet designed for Kindergarten students. Easy and fun math practice.,https://mathworksheetfree.github.io/html/printable-tracing-worksheet-for-kids-part-131-1578.html,https://mathworksheetfree.github.io/images/printable-tracing-worksheet-for-kids-part-131-1578.jpg,Elementary Math Activities,04/12/2026 08:28:00 AM
Math Word Problem Worksheet,Fun and engaging Word Problem worksheet for Grade 3. Perfect printable math practice.,https://mathworksheetfree.github.io/html/math-word-problem-worksheet-4886.html,https://mathworksheetfree.github.io/images/math-word-problem-worksheet-4886.jpg,Math Practice Printables,04/12/2026 11:03:00 AM
Printable Free 19 Addition Math Worksheet For Grade 5 - Part 133 | Printable Practice,Printable Addition worksheet designed for Grade 5 students. Easy and fun math practice.,https://mathworksheetfree.github.io/html/printable-free-19-addition-math-worksheet-for-grade-5-part-133-3482.html,https://mathworksheetfree.github.io/images/printable-free-19-addition-math-worksheet-for-grade-5-part-133-3482.jpg,Kids Math Worksheets,04/12/2026 01:22:00 PM
Fun Count and Color Objects Worksheet for Grade 1,Teachers and parents love this Count and Color worksheet for Grade 1. Download and print instantly.,https://mathworksheetfree.github.io/html/fun-count-and-color-objects-worksheet-for-grade-1-3223.html,https://mathworksheetfree.github.io/images/fun-count-and-color-objects-worksheet-for-grade-1-3223.jpg,Elementary Math Activities,04/12/2026 04:25:00 PM
Free Counting Objects Worksheet For Pre-K - Part 135 | Printable Practice,Help kids master Counting Objects with this printable worksheet for Pre-K. Great for daily math practice.,https://mathworksheetfree.github.io/html/free-counting-objects-worksheet-for-pre-k-part-135-7352.html,https://mathworksheetfree.github.io/images/free-counting-objects-worksheet-for-pre-k-part-135-7352.jpg,Math Practice Printables,04/12/2026 08:23:00 PM
Grade 2 Division Practice Worksheet (21 Problems) - Part 136 | Printable Practice,Printable Division worksheet designed for Grade 2 students. Easy and fun math practice.,https://mathworksheetfree.github.io/html/grade-2-division-practice-worksheet-21-problems-part-136-3922.html,https://mathworksheetfree.github.io/images/grade-2-division-practice-worksheet-21-problems-part-136-3922.jpg,Math Practice Printables,04/13/2026 08:29:00 AM
4 Math Knowledge Test for Practice,Help kids master Math with this printable worksheet for Math. Great for daily math practice.,https://mathworksheetfree.github.io/html/4-math-knowledge-test-for-practice-6304.html,https://mathworksheetfree.github.io/images/4-math-knowledge-test-for-practice-6304.jpg,Elementary Math Activities,04/13/2026 11:00:00 AM
Missing Number Math Worksheet,Free printable Missing Number worksheet for Grade 1. Perfect for homeschool practice and classroom activities.,https://mathworksheetfree.github.io/html/missing-number-math-worksheet-1519.html,https://mathworksheetfree.github.io/images/missing-number-math-worksheet-1519.jpg,Homeschool Math,04/13/2026 01:29:00 PM
Mixed Operations Math Worksheet,Fun and engaging Mixed Operations worksheet for Grade 3. Perfect printable math practice.,https://mathworksheetfree.github.io/html/mixed-operations-math-worksheet-5444.html,https://mathworksheetfree.github.io/images/mixed-operations-math-worksheet-5444.jpg,Printable Worksheets,04/13/2026 04:35:00 PM
Printable Free 28 Multiplication Math Worksheet For Grade 2 - Part 140 | Printable Practice,Printable Multiplication worksheet designed for Grade 2 students. Easy and fun math practice.,https://mathworksheetfree.github.io/html/printable-free-28-multiplication-math-worksheet-for-grade-2-part-140-1719.html,https://mathworksheetfree.github.io/images/printable-free-28-multiplication-math-worksheet-for-grade-2-part-140-1719.jpg,Math Practice Printables,04/13/2026 08:29:00 PM
Printable Free 27 Subtraction Math Worksheet For Grade 3 - Part 141 | Printable Practice,Fun and engaging Subtraction worksheet for Grade 3. Perfect printable math practice.,https://mathworksheetfree.github.io/html/printable-free-27-subtraction-math-worksheet-for-grade-3-part-141-7774.html,https://mathworksheetfree.github.io/images/printable-free-27-subtraction-math-worksheet-for-grade-3-part-141-7774.jpg,Kids Math Worksheets,04/14/2026 08:33:00 AM
Printable 3 Times Table Worksheet For Grade 2 - Part 142 | Printable Practice,Fun and engaging Times Table worksheet for Grade 2. Perfect printable math practice.,https://mathworksheetfree.github.io/html/printable-3-times-table-worksheet-for-grade-2-part-142-8706.html,https://mathworksheetfree.github.io/images/printable-3-times-table-worksheet-for-grade-2-part-142-8706.jpg,Elementary Math Activities,04/14/2026 11:00:00 AM
Printable Tracing Worksheet For Kids - Part 143 | Free Printable,Teachers and parents love this Tracing worksheet for Kindergarten. Download and print instantly.,https://mathworksheetfree.github.io/html/printable-tracing-worksheet-for-kids-part-143-1457.html,https://mathworksheetfree.github.io/images/printable-tracing-worksheet-for-kids-part-143-1457.jpg,Kids Math Worksheets,04/14/2026 01:25:00 PM
Math Word Problem Worksheet,Teachers and parents love this Word Problem worksheet for Grade 3. Download and print instantly.,https://mathworksheetfree.github.io/html/math-word-problem-worksheet-1618.html,https://mathworksheetfree.github.io/images/math-word-problem-worksheet-1618.jpg,Printable Worksheets,04/14/2026 04:32:00 PM
Free 21 Addition Math Worksheet For Grade 5 - Part 145 | Printable Practice,Help kids master Addition with this printable worksheet for Grade 5. Great for daily math practice.,https://mathworksheetfree.github.io/html/free-21-addition-math-worksheet-for-grade-5-part-145-4051.html,https://mathworksheetfree.github.io/images/free-21-addition-math-worksheet-for-grade-5-part-145-4051.jpg,Printable Worksheets,04/14/2026 08:33:00 PM
5 Free Count and Color Worksheets for Kindergarten,Printable Count and Color worksheet designed for Kindergarten students. Easy and fun math practice.,https://mathworksheetfree.github.io/html/5-free-count-and-color-worksheets-for-kindergarten-6917.html,https://mathworksheetfree.github.io/images/5-free-count-and-color-worksheets-for-kindergarten-6917.jpg,Elementary Math Activities,04/15/2026 08:32:00 AM
Kindergarten Count The Objects Worksheet - Part 147 | Printable Practice,Teachers and parents love this Counting Objects worksheet for Kindergarten. Download and print instantly.,https://mathworksheetfree.github.io/html/kindergarten-count-the-objects-worksheet-part-147-6397.html,https://mathworksheetfree.github.io/images/kindergarten-count-the-objects-worksheet-part-147-6397.jpg,Elementary Math Activities,04/15/2026 11:01:00 AM
Grade 1 Division Practice Worksheet (15 Problems) - Part 148 | Printable Practice,Free printable Division worksheet for Grade 1. Perfect for homeschool practice and classroom activities.,https://mathworksheetfree.github.io/html/grade-1-division-practice-worksheet-15-problems-part-148-4841.html,https://mathworksheetfree.github.io/images/grade-1-division-practice-worksheet-15-problems-part-148-4841.jpg,Homeschool Math,04/15/2026 01:23:00 PM
Challenging Mathematics Quiz for Students (8 Questions),Printable Math worksheet designed for Math students. Easy and fun math practice.,https://mathworksheetfree.github.io/html/challenging-mathematics-quiz-for-students-8-questions-9451.html,https://mathworksheetfree.github.io/images/challenging-mathematics-quiz-for-students-8-questions-9451.jpg,Elementary Math Activities,04/15/2026 04:32:00 PM
Missing Number Math Worksheet,Fun and engaging Missing Number worksheet for Grade 1. Perfect printable math practice.,https://mathworksheetfree.github.io/html/missing-number-math-worksheet-4353.html,https://mathworksheetfree.github.io/images/missing-number-math-worksheet-4353.jpg,Printable Worksheets,04/15/2026 08:27:00 PM
Mixed Operations Math Worksheet,Free printable Mixed Operations worksheet for Grade 3. Perfect for homeschool practice and classroom activities.,https://mathworksheetfree.github.io/html/mixed-operations-math-worksheet-3074.html,https://mathworksheetfree.github.io/images/mixed-operations-math-worksheet-3074.jpg,Printable Worksheets,04/16/2026 08:28:00 AM
Free 18 Multiplication Math Worksheet For Grade 2 - Part 152 | Printable Practice,Fun and engaging Multiplication worksheet for Grade 2. Perfect printable math practice.,https://mathworksheetfree.github.io/html/free-18-multiplication-math-worksheet-for-grade-2-part-152-5044.html,https://mathworksheetfree.github.io/images/free-18-multiplication-math-worksheet-for-grade-2-part-152-5044.jpg,Homeschool Math,04/16/2026 11:00:00 AM
Printable Free 17 Subtraction Math Worksheet For Grade 2 - Part 153 | Printable Practice,Help kids master Subtraction with this printable worksheet for Grade 2. Great for daily math practice.,https://mathworksheetfree.github.io/html/printable-free-17-subtraction-math-worksheet-for-grade-2-part-153-8206.html,https://mathworksheetfree.github.io/images/printable-free-17-subtraction-math-worksheet-for-grade-2-part-153-8206.jpg,Elementary Math Activities,04/16/2026 01:27:00 PM
10 Times Table Worksheet For Grade 3 With Answers - Part 154 | Printable Practice,Free printable Times Table worksheet for Grade 3. Perfect for homeschool practice and classroom activities.,https://mathworksheetfree.github.io/html/10-times-table-worksheet-for-grade-3-with-answers-part-154-8290.html,https://mathworksheetfree.github.io/images/10-times-table-worksheet-for-grade-3-with-answers-part-154-8290.jpg,Elementary Math Activities,04/16/2026 04:33:00 PM
Printable Tracing Worksheet For Kids - Part 155 | Free Printable,Fun and engaging Tracing worksheet for Preschool. Perfect printable math practice.,https://mathworksheetfree.github.io/html/printable-tracing-worksheet-for-kids-part-155-2847.html,https://mathworksheetfree.github.io/images/printable-tracing-worksheet-for-kids-part-155-2847.jpg,Kids Math Worksheets,04/16/2026 08:22:00 PM
Math Word Problem Worksheet,Fun and engaging Word Problem worksheet for Grade 3. Perfect printable math practice.,https://mathworksheetfree.github.io/html/math-word-problem-worksheet-7168.html,https://mathworksheetfree.github.io/images/math-word-problem-worksheet-7168.jpg,Math Practice Printables,04/17/2026 08:27:00 AM
Free 25 Addition Math Worksheet For Grade 1 - Part 157 | Printable Practice,Printable Addition worksheet designed for Grade 1 students. Easy and fun math practice.,https://mathworksheetfree.github.io/html/free-25-addition-math-worksheet-for-grade-1-part-157-9012.html,https://mathworksheetfree.github.io/images/free-25-addition-math-worksheet-for-grade-1-part-157-9012.jpg,Elementary Math Activities,04/17/2026 11:00:00 AM
Fun Count and Color Objects Worksheet for Grade 1,Help kids master Count and Color with this printable worksheet for Grade 1. Great for daily math practice.,https://mathworksheetfree.github.io/html/fun-count-and-color-objects-worksheet-for-grade-1-1194.html,https://mathworksheetfree.github.io/images/fun-count-and-color-objects-worksheet-for-grade-1-1194.jpg,Math Practice Printables,04/17/2026 01:25:00 PM
Learn Counting With Pictures Worksheet (Kindergarten) - Part 159 | Printable Practice,Fun and engaging Counting Objects worksheet for Kindergarten. Perfect printable math practice.,https://mathworksheetfree.github.io/html/learn-counting-with-pictures-worksheet-kindergarten-part-159-6040.html,https://mathworksheetfree.github.io/images/learn-counting-with-pictures-worksheet-kindergarten-part-159-6040.jpg,Elementary Math Activities,04/17/2026 04:27:00 PM
Grade 2 Division Practice Worksheet (18 Problems) - Part 160 | Printable Practice,Free printable Division worksheet for Grade 2. Perfect for homeschool practice and classroom activities.,https://mathworksheetfree.github.io/html/grade-2-division-practice-worksheet-18-problems-part-160-3755.html,https://mathworksheetfree.github.io/images/grade-2-division-practice-worksheet-18-problems-part-160-3755.jpg,Elementary Math Activities,04/17/2026 08:24:00 PM
4 General Math Quiz,Free printable Math worksheet for Math. Perfect for homeschool practice and classroom activities.,https://mathworksheetfree.github.io/html/4-general-math-quiz-9777.html,https://mathworksheetfree.github.io/images/4-general-math-quiz-9777.jpg,Homeschool Math,04/18/2026 08:27:00 AM
Missing Number Math Worksheet,Fun and engaging Missing Number worksheet for Grade 1. Perfect printable math practice.,https://mathworksheetfree.github.io/html/missing-number-math-worksheet-8367.html,https://mathworksheetfree.github.io/images/missing-number-math-worksheet-8367.jpg,Printable Worksheets,04/18/2026 11:05:00 AM
Mixed Operations Math Worksheet,Help kids master Mixed Operations with this printable worksheet for Grade 3. Great for daily math practice.,https://mathworksheetfree.github.io/html/mixed-operations-math-worksheet-1220.html,https://mathworksheetfree.github.io/images/mixed-operations-math-worksheet-1220.jpg,Elementary Math Activities,04/18/2026 01:24:00 PM
Free 20 Multiplication Math Worksheet For Grade 2 - Part 164 | Printable Practice,Free printable Multiplication worksheet for Grade 2. Perfect for homeschool practice and classroom activities.,https://mathworksheetfree.github.io/html/free-20-multiplication-math-worksheet-for-grade-2-part-164-1542.html,https://mathworksheetfree.github.io/images/free-20-multiplication-math-worksheet-for-grade-2-part-164-1542.jpg,Homeschool Math,04/18/2026 04:24:00 PM
Free 12 Subtraction Math Worksheet For Grade 5 - Part 165 | Printable Practice,Free printable Subtraction worksheet for Grade 5. Perfect for homeschool practice and classroom activities.,https://mathworksheetfree.github.io/html/free-12-subtraction-math-worksheet-for-grade-5-part-165-6805.html,https://mathworksheetfree.github.io/images/free-12-subtraction-math-worksheet-for-grade-5-part-165-6805.jpg,Homeschool Math,04/18/2026 08:26:00 PM
12 Times Table Worksheet For Grade 4 With Answers - Part 166 | Printable Practice,Fun and engaging Times Table worksheet for Grade 4. Perfect printable math practice.,https://mathworksheetfree.github.io/html/12-times-table-worksheet-for-grade-4-with-answers-part-166-7135.html,https://mathworksheetfree.github.io/images/12-times-table-worksheet-for-grade-4-with-answers-part-166-7135.jpg,Kids Math Worksheets,04/19/2026 08:25:00 AM
Printable Tracing Worksheet For Kids - Part 167 | Free Printable,Free printable Tracing worksheet for Preschool. Perfect for homeschool practice and classroom activities.,https://mathworksheetfree.github.io/html/printable-tracing-worksheet-for-kids-part-167-3915.html,https://mathworksheetfree.github.io/images/printable-tracing-worksheet-for-kids-part-167-3915.jpg,Printable Worksheets,04/19/2026 11:00:00 AM
Math Word Problem Worksheet,Free printable Word Problem worksheet for Grade 3. Perfect for homeschool practice and classroom activities.,https://mathworksheetfree.github.io/html/math-word-problem-worksheet-1019.html,https://mathworksheetfree.github.io/images/math-word-problem-worksheet-1019.jpg,Homeschool Math,04/19/2026 01:34:00 PM
Printable Free 13 Addition Math Worksheet For Grade 5 - Part 169 | Printable Practice,Teachers and parents love this Addition worksheet for Grade 5. Download and print instantly.,https://mathworksheetfree.github.io/html/printable-free-13-addition-math-worksheet-for-grade-5-part-169-2617.html,https://mathworksheetfree.github.io/images/printable-free-13-addition-math-worksheet-for-grade-5-part-169-2617.jpg,Elementary Math Activities,04/19/2026 04:37:00 PM
Kindergarten Count and Color Shapes Worksheet,Free printable Count and Color worksheet for Kindergarten. Perfect for homeschool practice and classroom activities.,https://mathworksheetfree.github.io/html/kindergarten-count-and-color-shapes-worksheet-9376.html,https://mathworksheetfree.github.io/images/kindergarten-count-and-color-shapes-worksheet-9376.jpg,Homeschool Math,04/19/2026 08:24:00 PM
Free Counting Objects Worksheet For Kindergarten Printable - Part 171 | Printable Practice,Help kids master Counting Objects with this printable worksheet for Kindergarten. Great for daily math practice.,https://mathworksheetfree.github.io/html/free-counting-objects-worksheet-for-kindergarten-printable-part-171-6907.html,https://mathworksheetfree.github.io/images/free-counting-objects-worksheet-for-kindergarten-printable-part-171-6907.jpg,Math Practice Printables,04/20/2026 08:33:00 AM
Free 21 Division Math Worksheet For Grade 2 With Answers - Part 172 | Printable Practice,Free printable Division worksheet for Grade 2. Perfect for homeschool practice and classroom activities.,https://mathworksheetfree.github.io/html/free-21-division-math-worksheet-for-grade-2-with-answers-part-172-1525.html,https://mathworksheetfree.github.io/images/free-21-division-math-worksheet-for-grade-2-with-answers-part-172-1525.jpg,Homeschool Math,04/20/2026 11:05:00 AM
Printable Mathematics Problem Set for Students (7 Questions),Printable Math worksheet designed for Math students. Easy and fun math practice.,https://mathworksheetfree.github.io/html/printable-mathematics-problem-set-for-students-7-questions-8854.html,https://mathworksheetfree.github.io/images/printable-mathematics-problem-set-for-students-7-questions-8854.jpg,Math Practice Printables,04/20/2026 01:33:00 PM
Missing Number Math Worksheet,Fun and engaging Missing Number worksheet for Grade 1. Perfect printable math practice.,https://mathworksheetfree.github.io/html/missing-number-math-worksheet-9098.html,https://mathworksheetfree.github.io/images/missing-number-math-worksheet-9098.jpg,Elementary Math Activities,04/20/2026 04:28:00 PM
Mixed Operations Math Worksheet,Help kids master Mixed Operations with this printable worksheet for Grade 3. Great for daily math practice.,https://mathworksheetfree.github.io/html/mixed-operations-math-worksheet-8915.html,https://mathworksheetfree.github.io/images/mixed-operations-math-worksheet-8915.jpg,Math Practice Printables,04/20/2026 08:37:00 PM
Printable Free 18 Multiplication Math Worksheet For Grade 2 - Part 176 | Printable Practice,Printable Multiplication worksheet designed for Grade 2 students. Easy and fun math practice.,https://mathworksheetfree.github.io/html/printable-free-18-multiplication-math-worksheet-for-grade-2-part-176-5046.html,https://mathworksheetfree.github.io/images/printable-free-18-multiplication-math-worksheet-for-grade-2-part-176-5046.jpg,Math Practice Printables,04/21/2026 08:36:00 AM
Grade 2 Subtraction Practice Worksheet (30 Problems) - Part 177 | Printable Practice,Help kids master Subtraction with this printable worksheet for Grade 2. Great for daily math practice.,https://mathworksheetfree.github.io/html/grade-2-subtraction-practice-worksheet-30-problems-part-177-9659.html,https://mathworksheetfree.github.io/images/grade-2-subtraction-practice-worksheet-30-problems-part-177-9659.jpg,Printable Worksheets,04/21/2026 11:00:00 AM
11 Times Table Worksheet For Grade 4 With Answers - Part 178 | Printable Practice,Fun and engaging Times Table worksheet for Grade 4. Perfect printable math practice.,https://mathworksheetfree.github.io/html/11-times-table-worksheet-for-grade-4-with-answers-part-178-7137.html,https://mathworksheetfree.github.io/images/11-times-table-worksheet-for-grade-4-with-answers-part-178-7137.jpg,Math Practice Printables,04/21/2026 01:34:00 PM
Printable Tracing Worksheet For Kids - Part 179 | Free Printable,Free printable Tracing worksheet for Kindergarten. Perfect for homeschool practice and classroom activities.,https://mathworksheetfree.github.io/html/printable-tracing-worksheet-for-kids-part-179-2758.html,https://mathworksheetfree.github.io/images/printable-tracing-worksheet-for-kids-part-179-2758.jpg,Elementary Math Activities,04/21/2026 04:24:00 PM
Math Word Problem Worksheet,Fun and engaging Word Problem worksheet for Grade 3. Perfect printable math practice.,https://mathworksheetfree.github.io/html/math-word-problem-worksheet-9795.html,https://mathworksheetfree.github.io/images/math-word-problem-worksheet-9795.jpg,Kids Math Worksheets,04/21/2026 08:22:00 PM
Grade 5 Addition Practice Worksheet (13 Problems) - Part 181 | Printable Practice,Teachers and parents love this Addition worksheet for Grade 5. Download and print instantly.,https://mathworksheetfree.github.io/html/grade-5-addition-practice-worksheet-13-problems-part-181-4456.html,https://mathworksheetfree.github.io/images/grade-5-addition-practice-worksheet-13-problems-part-181-4456.jpg,Printable Worksheets,04/22/2026 08:24:00 AM
5 Free Count and Color Worksheets for Preschool,Free printable Count and Color worksheet for Preschool. Perfect for homeschool practice and classroom activities.,https://mathworksheetfree.github.io/html/5-free-count-and-color-worksheets-for-preschool-8607.html,https://mathworksheetfree.github.io/images/5-free-count-and-color-worksheets-for-preschool-8607.jpg,Kids Math Worksheets,04/22/2026 11:03:00 AM
Free Counting Objects Worksheet For Kindergarten - Part 183 | Printable Practice,Free printable Counting Objects worksheet for Kindergarten. Perfect for homeschool practice and classroom activities.,https://mathworksheetfree.github.io/html/free-counting-objects-worksheet-for-kindergarten-part-183-9783.html,https://mathworksheetfree.github.io/images/free-counting-objects-worksheet-for-kindergarten-part-183-9783.jpg,Homeschool Math,04/22/2026 01:38:00 PM
Grade 2 Division Practice Worksheet (25 Problems) - Part 184 | Printable Practice,Help kids master Division with this printable worksheet for Grade 2. Great for daily math practice.,https://mathworksheetfree.github.io/html/grade-2-division-practice-worksheet-25-problems-part-184-3372.html,https://mathworksheetfree.github.io/images/grade-2-division-practice-worksheet-25-problems-part-184-3372.jpg,Homeschool Math,04/22/2026 04:29:00 PM
4 Mathematics Practice Practice Worksheet,Printable Math worksheet designed for Math students. Easy and fun math practice.,https://mathworksheetfree.github.io/html/4-mathematics-practice-practice-worksheet-9881.html,https://mathworksheetfree.github.io/images/4-mathematics-practice-practice-worksheet-9881.jpg,Printable Worksheets,04/22/2026 08:25:00 PM
Missing Number Math Worksheet,Fun and engaging Missing Number worksheet for Grade 1. Perfect printable math practice.,https://mathworksheetfree.github.io/html/missing-number-math-worksheet-7241.html,https://mathworksheetfree.github.io/images/missing-number-math-worksheet-7241.jpg,Elementary Math Activities,04/23/2026 08:22:00 AM
Mixed Operations Math Worksheet,Printable Mixed Operations worksheet designed for Grade 3 students. Easy and fun math practice.,https://mathworksheetfree.github.io/html/mixed-operations-math-worksheet-8478.html,https://mathworksheetfree.github.io/images/mixed-operations-math-worksheet-8478.jpg,Elementary Math Activities,04/23/2026 11:05:00 AM
Free 14 Multiplication Math Worksheet For Grade 2 With Answers - Part 188 | Printable Practice,Teachers and parents love this Multiplication worksheet for Grade 2. Download and print instantly.,https://mathworksheetfree.github.io/html/free-14-multiplication-math-worksheet-for-grade-2-with-answers-part-188-7065.html,https://mathworksheetfree.github.io/images/free-14-multiplication-math-worksheet-for-grade-2-with-answers-part-188-7065.jpg,Homeschool Math,04/23/2026 01:26:00 PM
Printable Free 16 Subtraction Math Worksheet For Grade 2 - Part 189 | Printable Practice,Teachers and parents love this Subtraction worksheet for Grade 2. Download and print instantly.,https://mathworksheetfree.github.io/html/printable-free-16-subtraction-math-worksheet-for-grade-2-part-189-5602.html,https://mathworksheetfree.github.io/images/printable-free-16-subtraction-math-worksheet-for-grade-2-part-189-5602.jpg,Homeschool Math,04/23/2026 04:35:00 PM
3 Times Table Worksheet For Grade 2 With Answers - Part 190 | Printable Practice,Free printable Times Table worksheet for Grade 2. Perfect for homeschool practice and classroom activities.,https://mathworksheetfree.github.io/html/3-times-table-worksheet-for-grade-2-with-answers-part-190-6425.html,https://mathworksheetfree.github.io/images/3-times-table-worksheet-for-grade-2-with-answers-part-190-6425.jpg,Homeschool Math,04/23/2026 08:30:00 PM
Printable Tracing Worksheet For Kids - Part 191 | Free Printable,Fun and engaging Tracing worksheet for Kindergarten. Perfect printable math practice.,https://mathworksheetfree.github.io/html/printable-tracing-worksheet-for-kids-part-191-6471.html,https://mathworksheetfree.github.io/images/printable-tracing-worksheet-for-kids-part-191-6471.jpg,Homeschool Math,04/24/2026 08:22:00 AM
Math Word Problem Worksheet,Teachers and parents love this Word Problem worksheet for Grade 3. Download and print instantly.,https://mathworksheetfree.github.io/html/math-word-problem-worksheet-5565.html,https://mathworksheetfree.github.io/images/math-word-problem-worksheet-5565.jpg,Kids Math Worksheets,04/24/2026 11:05:00 AM
Printable Free 28 Addition Math Worksheet For Grade 1 - Part 193 | Printable Practice,Help kids master Addition with this printable worksheet for Grade 1. Great for daily math practice.,https://mathworksheetfree.github.io/html/printable-free-28-addition-math-worksheet-for-grade-1-part-193-1747.html,https://mathworksheetfree.github.io/images/printable-free-28-addition-math-worksheet-for-grade-1-part-193-1747.jpg,Math Practice Printables,04/24/2026 01:30:00 PM
Fun Count and Color Objects Worksheet for Preschool,Printable Count and Color worksheet designed for Preschool students. Easy and fun math practice.,https://mathworksheetfree.github.io/html/fun-count-and-color-objects-worksheet-for-preschool-1166.html,https://mathworksheetfree.github.io/images/fun-count-and-color-objects-worksheet-for-preschool-1166.jpg,Math Practice Printables,04/24/2026 04:31:00 PM
Pre-K Count The Objects Worksheet - Part 195 | Printable Practice,Printable Counting Objects worksheet designed for Pre-K students. Easy and fun math practice.,https://mathworksheetfree.github.io/html/pre-k-count-the-objects-worksheet-part-195-4539.html,https://mathworksheetfree.github.io/images/pre-k-count-the-objects-worksheet-part-195-4539.jpg,Kids Math Worksheets,04/24/2026 08:26:00 PM
Printable Free 29 Division Math Worksheet For Grade 2 - Part 196 | Printable Practice,Free printable Division worksheet for Grade 2. Perfect for homeschool practice and classroom activities.,https://mathworksheetfree.github.io/html/printable-free-29-division-math-worksheet-for-grade-2-part-196-3880.html,https://mathworksheetfree.github.io/images/printable-free-29-division-math-worksheet-for-grade-2-part-196-3880.jpg,Elementary Math Activities,04/25/2026 08:34:00 AM
Complete Mathematics Practice for Students (8 Questions),Help kids master Math with this printable worksheet for Math. Great for daily math practice.,https://mathworksheetfree.github.io/html/complete-mathematics-practice-for-students-8-questions-8818.html,https://mathworksheetfree.github.io/images/complete-mathematics-practice-for-students-8-questions-8818.jpg,Printable Worksheets,04/25/2026 11:04:00 AM
Missing Number Math Worksheet,Free printable Missing Number worksheet for Grade 1. Perfect for homeschool practice and classroom activities.,https://mathworksheetfree.github.io/html/missing-number-math-worksheet-6527.html,https://mathworksheetfree.github.io/images/missing-number-math-worksheet-6527.jpg,Printable Worksheets,04/25/2026 01:33:00 PM
Mixed Operations Math Worksheet,Help kids master Mixed Operations with this printable worksheet for Grade 3. Great for daily math practice.,https://mathworksheetfree.github.io/html/mixed-operations-math-worksheet-9434.html,https://mathworksheetfree.github.io/images/mixed-operations-math-worksheet-9434.jpg,Kids Math Worksheets,04/25/2026 04:37:00 PM
Free 29 Multiplication Math Worksheet For Grade 2 With Answers - Part 200 | Printable Practice,Printable Multiplication worksheet designed for Grade 2 students. Easy and fun math practice.,https://mathworksheetfree.github.io/html/free-29-multiplication-math-worksheet-for-grade-2-with-answers-part-200-8675.html,https://mathworksheetfree.github.io/images/free-29-multiplication-math-worksheet-for-grade-2-with-answers-part-200-8675.jpg,Elementary Math Activities,04/25/2026 08:22:00 PM
